{
  "4 K": {
    "T_K": 4,
    "gamma": 1423728813559.322,
    "eps_real": -33.40216672344069,
    "eps_imag": 0.020969374804927467,
    "Cin_rel": 1.0
  },
  "15 K": {
    "T_K": 15,
    "gamma": 5338983050847.458,
    "eps_real": -33.4019997646837,
    "eps_imag": 0.0786347738905437,
    "Cin_rel": 0.9999950015590793
  },
  "77 K": {
    "T_K": 77,
    "gamma": 27406779661016.95,
    "eps_real": -33.397443774216626,
    "eps_imag": 0.40360504790745744,
    "Cin_rel": 0.9998586035072763
  },
  "150 K": {
    "T_K": 150,
    "gamma": 53389830508474.57,
    "eps_real": -33.38421476163954,
    "eps_imag": 0.7859412161153124,
    "Cin_rel": 0.999462550979109
  },
  "295 K (\u5ba4\u6e29)": {
    "T_K": 295,
    "gamma": 105000000000000.0,
    "eps_real": -33.33279976917263,
    "eps_imag": 1.5433731174094185,
    "Cin_rel": 0.9979232798027027
  }
}