{
  "gap_nm": [
    1.5,
    1.5858585858585859,
    1.6717171717171717,
    1.7575757575757576,
    1.8434343434343434,
    1.9292929292929293,
    2.015151515151515,
    2.101010101010101,
    2.186868686868687,
    2.2727272727272725,
    2.3585858585858586,
    2.4444444444444446,
    2.5303030303030303,
    2.616161616161616,
    2.702020202020202,
    2.787878787878788,
    2.8737373737373737,
    2.9595959595959593,
    3.0454545454545454,
    3.1313131313131315,
    3.217171717171717,
    3.3030303030303028,
    3.388888888888889,
    3.474747474747475,
    3.5606060606060606,
    3.646464646464646,
    3.7323232323232323,
    3.8181818181818183,
    3.904040404040404,
    3.9898989898989896,
    4.075757575757576,
    4.161616161616162,
    4.247474747474747,
    4.333333333333333,
    4.419191919191919,
    4.505050505050505,
    4.590909090909091,
    4.6767676767676765,
    4.762626262626263,
    4.848484848484849,
    4.934343434343434,
    5.02020202020202,
    5.1060606060606055,
    5.191919191919192,
    5.277777777777778,
    5.363636363636363,
    5.44949494949495,
    5.5353535353535355,
    5.621212121212121,
    5.707070707070707,
    5.792929292929292,
    5.878787878787879,
    5.9646464646464645,
    6.05050505050505,
    6.136363636363637,
    6.222222222222222,
    6.308080808080808,
    6.393939393939394,
    6.479797979797979,
    6.565656565656566,
    6.651515151515151,
    6.737373737373737,
    6.8232323232323235,
    6.909090909090909,
    6.994949494949495,
    7.08080808080808,
    7.166666666666666,
    7.252525252525253,
    7.338383838383838,
    7.424242424242424,
    7.51010101010101,
    7.595959595959596,
    7.681818181818182,
    7.767676767676767,
    7.853535353535353,
    7.9393939393939394,
    8.025252525252526,
    8.11111111111111,
    8.196969696969697,
    8.282828282828284,
    8.368686868686869,
    8.454545454545453,
    8.54040404040404,
    8.626262626262626,
    8.712121212121211,
    8.797979797979798,
    8.883838383838384,
    8.969696969696969,
    9.055555555555555,
    9.141414141414142,
    9.227272727272727,
    9.313131313131313,
    9.3989898989899,
    9.484848484848484,
    9.570707070707071,
    9.656565656565656,
    9.742424242424242,
    9.828282828282829,
    9.914141414141413,
    10.0
  ],
  "A_norm_extrapolated": [
    0.08476508640033512,
    0.10089720158969664,
    0.11900109104557731,
    0.13919779514281846,
    0.161609165761987,
    0.1863578316356517,
    0.21356716672888834,
    0.24336126126423838,
    0.27586489506601153,
    0.3112035129505351,
    0.3495032019307144,
    0.3908906700373088,
    0.43549322658729805,
    0.48343876375287376,
    0.534855739303907,
    0.5898731604129591,
    0.6486205684256,
    0.7112280245104232,
    0.7778260961130882,
    0.8485458441472395,
    0.9235188108625069,
    1.0028770083361525,
    1.086752907540466,
    1.175279427942843,
    1.2685899275997174,
    1.3668181937092387,
    1.4700984335908682,
    1.578565266062981,
    1.6923537131921382,
    1.8115991923899926,
    1.9364375088358334,
    2.0670048482046206,
    2.203437769682014,
    2.3458731992493487,
    2.4944484232228867,
    2.6493010820328506,
    2.8105691642288377,
    2.9783910006992347,
    3.152905259093098,
    3.3342509384338253,
    3.522567363914698,
    3.7179941818670033,
    3.9206713548921277,
    4.1307391571495575,
    4.348338169793233,
    4.573609276549249,
    4.8066936594282375,
    5.047732794566266,
    5.296868448188456,
    5.554242672689788,
    5.81999780282801,
    6.094276452023776,
    6.3772215087634345,
    6.668976133100204,
    6.969683753249614,
    7.279488062275385,
    7.598533014862151,
    7.926962824171515,
    8.264921958778215,
    8.612555139683337,
    8.970007337401553,
    9.337423769119724,
    9.714949895924121,
    10.102731420093782,
    10.500914282457655,
    10.909644659813178,
    11.329068962404198,
    11.75933383145611,
    12.200586136766267,
    12.652972974347808,
    13.116641664125053,
    13.591739747678776,
    14.078414986039778,
    14.576815357529068,
    15.087089055643258,
    15.609384486983723,
    16.143850269228075,
    16.69063522914274,
    17.249888400635342,
    17.8217590228456,
    18.406396538273707,
    19.00395059094502,
    19.61457102460997,
    20.238407880978123,
    20.87561139798559,
    21.526332008094645,
    22.190720336624647,
    22.868927200113518,
    23.56110360470889,
    24.26740074458792,
    24.987970000405287,
    25.722962937768457,
    26.472531305739366,
    27.236827035362072,
    28.016002238215624,
    28.810209204991224,
    29.619600404093553,
    30.44432848026511,
    31.284546253233408,
    32.140406716380284
  ],
  "basis": "A~gap^3.13 scaling cited in this work (exponent n=3.13, R2=0.97)",
  "caveat": "Extrapolation to ion trap electrode. Not experimentally verified. Additionally, the primary source of A~gap^3.13 (R2=0.97) has not been independently verified as of 2025.",
  "source_verification": "PRIMARY SOURCE NOT INDEPENDENTLY VERIFIED as of 2025. This scaling law was cited as 'Moser 2023, Applied Physics Letters' but the paper could not be confirmed. de Graaf 2018 (Nature Communications 9, 1143) does NOT contain this equation. All results using this scaling should be treated as unverified."
}